"ID","animeID","genreID"
"1435","1","6"
"640","2","3"
"1737","3","8"
"1436","4","6"
"1104","6","4"
"2144","6","16"
"1","7","1"
"2420","7","17"
"2","8","1"
"1105","8","4"
"1825","8","9"
"1738","9","8"
"641","10","3"
"1437","10","6"
"2145","10","16"
"3","11","1"
"1438","11","6"
"2421","11","17"
"4","12","1"
"2422","12","17"
"5","13","1"
"2423","13","17"
"642","15","3"
"1106","16","4"
"1439","16","6"
"2146","16","16"
"418","17","2"
"643","18","3"
"1107","18","4"
"1739","18","8"
"2147","18","16"
"1108","21","4"
"2148","21","16"
"419","22","2"
"2424","22","17"
"6","23","1"
"644","23","3"
"2425","23","17"
"7","24","1"
"1440","24","6"
"2149","24","16"
"420","25","2"
"1109","25","4"
"2075","25","15"
"2426","25","17"
"2640","25","18"
"2427","26","17"
"2428","27","17"
"645","28","3"
"1110","28","4"
"2076","28","15"
"646","30","3"
"8","31","1"
"1953","31","13"
"2429","31","17"
"647","32","3"
"2150","32","16"
"648","33","3"
"1740","33","8"
"649","35","3"
"650","36","3"
"651","37","3"
"652","38","3"
"653","40","3"
"1111","41","4"
"2641","41","18"
"9","43","1"
"421","43","2"
"1112","43","4"
"1441","43","6"
"10","44","1"
"422","44","2"
"1442","44","6"
"11","45","1"
"423","45","2"
"1113","45","4"
"1443","45","6"
"1882","45","11"
"2023","45","14"
"2430","45","17"
"12","46","1"
"654","46","3"
"13","47","1"
"424","47","2"
"1114","47","4"
"1444","47","6"
"14","48","1"
"1115","48","4"
"1954","48","13"
"2431","48","17"
"15","49","1"
"425","49","2"
"1116","49","4"
"16","50","1"
"1117","50","4"
"655","52","3"
"656","53","3"
"657","54","3"
"2151","54","16"
"1118","55","4"
"2077","55","15"
"2152","55","16"
"17","56","1"
"426","56","2"
"1445","56","6"
"2432","56","17"
"18","57","1"
"658","57","3"
"1119","57","4"
"1446","57","6"
"2153","57","16"
"19","58","1"
"659","59","3"
"2024","59","14"
"2078","60","15"
"20","61","1"
"1826","61","9"
"660","63","3"
"21","65","1"
"661","65","3"
"1120","65","4"
"2433","65","17"
"662","66","3"
"663","68","3"
"664","69","3"
"1883","70","11"
"2025","70","14"
"665","71","3"
"1121","72","4"
"2154","72","16"
"1122","73","4"
"2155","73","16"
"1123","75","4"
"2026","75","14"
"2156","75","16"
"2079","76","15"
"22","77","1"
"1124","77","4"
"1447","77","6"
"666","79","3"
"2157","79","16"
"23","80","1"
"667","80","3"
"1125","80","4"
"668","81","3"
"1126","81","4"
"2434","81","17"
"669","82","3"
"2642","82","18"
"670","83","3"
"2158","83","16"
"24","84","1"
"427","84","2"
"1448","84","6"
"1916","84","12"
"2159","84","16"
"671","86","3"
"25","87","1"
"1955","87","13"
"2435","87","17"
"2436","88","17"
"1884","89","11"
"2027","89","14"
"26","90","1"
"428","90","2"
"1127","90","4"
"2437","90","17"
"672","91","3"
"1449","91","6"
"2160","91","16"
"429","92","2"
"1450","92","6"
"1917","92","12"
"673","93","3"
"27","94","1"
"1451","94","6"
"674","95","3"
"2161","95","16"
"28","97","1"
"1452","97","6"
"1741","97","8"
"1956","97","13"
"29","98","1"
"430","98","2"
"1128","98","4"
"1453","98","6"
"2643","98","18"
"1885","99","11"
"2162","99","16"
"30","100","1"
"675","100","3"
"1129","100","4"
"1742","100","8"
"2080","100","15"
"31","101","1"
"32","102","1"
"1130","102","4"
"2163","102","16"
"2438","102","17"
"676","103","3"
"677","104","3"
"678","105","3"
"2028","105","14"
"679","107","3"
"33","108","1"
"1131","108","4"
"1454","108","6"
"1827","108","9"
"2164","108","16"
"34","109","1"
"2439","109","17"
"1828","110","9"
"35","111","1"
"1132","111","4"
"1957","111","13"
"2440","111","17"
"1133","112","4"
"2081","112","15"
"2644","112","18"
"36","113","1"
"680","113","3"
"37","114","1"
"1455","114","6"
"431","115","2"
"2441","115","17"
"38","116","1"
"432","116","2"
"681","117","3"
"1134","117","4"
"1456","117","6"
"39","118","1"
"1135","118","4"
"2082","118","15"
"2645","118","18"
"1136","119","4"
"682","120","3"
"40","121","1"
"2083","121","15"
"2442","121","17"
"41","122","1"
"683","122","3"
"2084","122","15"
"42","123","1"
"433","123","2"
"684","123","3"
"1457","123","6"
"43","124","1"
"434","124","2"
"685","124","3"
"1458","124","6"
"435","125","2"
"1137","125","4"
"436","126","2"
"686","126","3"
"1138","126","4"
"2646","126","18"
"44","127","1"
"2443","127","17"
"45","128","1"
"437","128","2"
"1459","128","6"
"46","129","1"
"2444","129","17"
"47","130","1"
"687","130","3"
"1460","130","6"
"1743","130","8"
"2165","130","16"
"48","131","1"
"1139","131","4"
"1958","131","13"
"2445","131","17"
"49","132","1"
"438","132","2"
"1461","132","6"
"2085","132","15"
"688","134","3"
"50","135","1"
"1140","135","4"
"2446","135","17"
"51","136","1"
"689","137","3"
"2166","137","16"
"52","139","1"
"690","139","3"
"2167","139","16"
"2447","139","17"
"691","140","3"
"1141","140","4"
"2168","140","16"
"53","141","1"
"1142","141","4"
"2448","141","17"
"692","142","3"
"693","143","3"
"1143","144","4"
"1959","144","13"
"2449","144","17"
"1744","145","8"
"2169","145","16"
"694","146","3"
"1144","147","4"
"2647","147","18"
"1145","148","4"
"2086","148","15"
"2170","148","16"
"54","149","1"
"439","149","2"
"1462","149","6"
"1829","150","9"
"2029","151","14"
"2450","151","17"
"55","152","1"
"2451","152","17"
"1146","153","4"
"2171","153","16"
"56","154","1"
"440","154","2"
"1147","154","4"
"1463","154","6"
"1960","154","13"
"2452","154","17"
"57","155","1"
"1148","155","4"
"1464","155","6"
"58","156","1"
"1149","156","4"
"1465","156","6"
"2087","156","15"
"2172","156","16"
"59","157","1"
"1150","157","4"
"2088","157","15"
"2453","157","17"
"60","158","1"
"695","158","3"
"1151","158","4"
"1830","158","9"
"61","159","1"
"62","160","1"
"2454","160","17"
"1466","162","6"
"1745","162","8"
"2173","162","16"
"1746","163","8"
"63","164","1"
"1961","164","13"
"2174","164","16"
"2455","164","17"
"64","165","1"
"1152","165","4"
"1153","166","4"
"2456","166","17"
"65","167","1"
"441","167","2"
"1154","167","4"
"2457","167","17"
"66","168","1"
"442","168","2"
"696","168","3"
"1467","168","6"
"443","169","2"
"697","169","3"
"444","170","2"
"698","170","3"
"445","171","2"
"699","171","3"
"67","172","1"
"68","174","1"
"700","174","3"
"1155","174","4"
"69","175","1"
"70","176","1"
"446","177","2"
"1156","177","4"
"2089","177","15"
"2648","177","18"
"701","178","3"
"1468","178","6"
"71","179","1"
"702","179","3"
"2090","179","15"
"2175","179","16"
"1469","180","6"
"703","181","3"
"72","182","1"
"447","182","2"
"1470","182","6"
"1157","183","4"
"2176","183","16"
"73","184","1"
"448","184","2"
"1471","184","6"
"74","185","1"
"449","185","2"
"1472","185","6"
"75","186","1"
"1158","186","4"
"1159","187","4"
"2091","188","15"
"2649","188","18"
"76","189","1"
"450","189","2"
"2458","189","17"
"704","190","3"
"1160","190","4"
"2177","190","16"
"77","191","1"
"705","191","3"
"78","194","1"
"451","194","2"
"706","195","3"
"707","196","3"
"708","197","3"
"79","198","1"
"1161","198","4"
"1473","198","6"
"2178","198","16"
"80","199","1"
"452","199","2"
"1162","199","4"
"1474","199","6"
"2179","199","16"
"81","200","1"
"1163","200","4"
"1475","200","6"
"1164","201","4"
"1165","202","4"
"2180","202","16"
"709","203","3"
"2030","203","14"
"2459","203","17"
"1166","204","4"
"2650","204","18"
"1167","205","4"
"2181","205","16"
"2460","205","17"
"710","206","3"
"82","207","1"
"2651","207","18"
"1476","208","6"
"2461","208","17"
"1747","209","8"
"2092","209","15"
"2182","209","16"
"1477","210","6"
"711","211","3"
"712","212","3"
"83","213","1"
"453","213","2"
"1168","213","4"
"1478","213","6"
"2183","213","16"
"2462","213","17"
"2184","214","16"
"84","215","1"
"454","215","2"
"2463","215","17"
"85","216","1"
"1169","216","4"
"2464","216","17"
"713","217","3"
"2465","217","17"
"714","218","3"
"715","219","3"
"716","220","3"
"2185","220","16"
"717","222","3"
"1886","222","11"
"718","224","3"
"719","226","3"
"1170","226","4"
"1748","226","8"
"2186","226","16"
"720","227","3"
"2187","227","16"
"2466","228","17"
"86","229","1"
"1749","229","8"
"1831","229","9"
"1962","229","13"
"2467","229","17"
"721","230","3"
"2188","231","16"
"1171","232","4"
"2468","232","17"
"87","233","1"
"1479","233","6"
"722","234","3"
"88","235","1"
"1963","235","13"
"2469","235","17"
"89","236","1"
"1172","236","4"
"1964","236","13"
"2189","236","16"
"2470","236","17"
"90","238","1"
"723","238","3"
"1173","238","4"
"1480","238","6"
"1750","238","8"
"2190","238","16"
"2471","238","17"
"91","239","1"
"1481","239","6"
"1174","240","4"
"724","241","3"
"725","242","3"
"1482","242","6"
"726","243","3"
"1751","243","8"
"2191","243","16"
"2472","243","17"
"455","244","2"
"1483","244","6"
"1752","244","8"
"1918","244","12"
"2192","244","16"
"2652","245","18"
"456","247","2"
"1484","247","6"
"92","248","1"
"1965","248","13"
"2473","248","17"
"93","249","1"
"727","249","3"
"1485","249","6"
"1753","249","8"
"2193","249","16"
"94","250","1"
"1175","250","4"
"1966","251","13"
"728","252","3"
"95","255","1"
"1176","256","4"
"1754","256","8"
"2194","256","16"
"1177","257","4"
"1755","257","8"
"2195","257","16"
"729","258","3"
"1486","258","6"
"1919","258","12"
"96","259","1"
"1487","259","6"
"1832","259","9"
"457","260","2"
"1178","260","4"
"2474","260","17"
"97","261","1"
"2475","261","17"
"458","263","2"
"2093","263","15"
"1179","264","4"
"2094","264","15"
"2196","264","16"
"98","265","1"
"730","265","3"
"2197","265","16"
"2476","265","17"
"731","268","3"
"99","269","1"
"732","269","3"
"1180","270","4"
"2198","270","16"
"733","271","3"
"100","272","1"
"459","272","2"
"101","273","1"
"1181","273","4"
"2477","273","17"
"102","275","1"
"460","275","2"
"734","275","3"
"1182","275","4"
"2478","275","17"
"103","276","1"
"1488","276","6"
"2479","276","17"
"104","277","1"
"461","277","2"
"1489","277","6"
"105","278","1"
"1490","278","6"
"1756","278","8"
"106","279","1"
"1183","279","4"
"2199","279","16"
"2480","279","17"
"1184","280","4"
"1887","280","11"
"2031","280","14"
"107","281","1"
"1185","281","4"
"1491","281","6"
"1833","281","9"
"1920","281","12"
"2095","283","15"
"2200","283","16"
"1888","284","11"
"2032","284","14"
"462","285","2"
"1186","285","4"
"1757","285","8"
"1834","285","9"
"2201","285","16"
"108","286","1"
"463","286","2"
"2481","286","17"
"109","287","1"
"464","287","2"
"2482","287","17"
"735","288","3"
"465","289","2"
"736","289","3"
"1921","289","12"
"466","290","2"
"2483","290","17"
"1187","291","4"
"1492","291","6"
"467","292","2"
"737","292","3"
"1493","292","6"
"2202","292","16"
"1188","293","4"
"1835","293","9"
"2203","293","16"
"738","294","3"
"1494","295","6"
"739","296","3"
"2204","296","16"
"1189","297","4"
"2096","297","15"
"2653","297","18"
"1758","298","8"
"2205","298","16"
"110","299","1"
"740","299","3"
"468","300","2"
"1190","300","4"
"1967","300","13"
"2206","300","16"
"2484","300","17"
"1191","301","4"
"2654","301","18"
"111","302","1"
"741","302","3"
"112","303","1"
"469","303","2"
"1968","303","13"
"2485","303","17"
"1495","304","6"
"470","306","2"
"742","306","3"
"1192","306","4"
"1496","306","6"
"1759","306","8"
"1922","306","12"
"2207","306","16"
"113","309","1"
"743","309","3"
"1497","309","6"
"2486","309","17"
"471","310","2"
"1498","310","6"
"114","311","1"
"2097","311","15"
"744","312","3"
"1499","313","6"
"115","314","1"
"1500","314","6"
"116","315","1"
"1501","315","6"
"117","316","1"
"1502","316","6"
"118","317","1"
"1193","317","4"
"1503","317","6"
"119","319","1"
"120","320","1"
"1969","320","13"
"2487","320","17"
"121","321","1"
"472","321","2"
"1194","321","4"
"1504","321","6"
"122","322","1"
"123","323","1"
"473","323","2"
"124","325","1"
"474","325","2"
"2488","325","17"
"125","326","1"
"475","326","2"
"126","327","1"
"745","327","3"
"1195","327","4"
"1970","327","13"
"2489","327","17"
"476","328","2"
"746","328","3"
"1505","328","6"
"1196","329","4"
"2208","329","16"
"2655","329","18"
"747","330","3"
"1506","330","6"
"1836","331","9"
"127","332","1"
"748","332","3"
"1507","333","6"
"2209","334","16"
"749","335","3"
"1508","335","6"
"2210","335","16"
"1971","336","13"
"2490","336","17"
"2491","337","17"
"1197","338","4"
"1198","339","4"
"2492","339","17"
"2656","339","18"
"750","340","3"
"1199","340","4"
"128","341","1"
"751","341","3"
"1200","341","4"
"1972","341","13"
"2493","341","17"
"129","342","1"
"1201","342","4"
"1973","342","13"
"2494","342","17"
"130","343","1"
"1202","343","4"
"1974","343","13"
"2495","343","17"
"131","344","1"
"752","344","3"
"1975","344","13"
"132","345","1"
"477","345","2"
"1203","345","4"
"1509","345","6"
"2657","345","18"
"133","346","1"
"478","346","2"
"1204","346","4"
"1510","346","6"
"479","347","2"
"1205","347","4"
"1511","347","6"
"1923","347","12"
"2211","347","16"
"480","348","2"
"1206","348","4"
"1512","348","6"
"1924","348","12"
"2212","348","16"
"481","349","2"
"1207","349","4"
"1513","349","6"
"1925","349","12"
"2213","349","16"
"134","350","1"
"2496","350","17"
"1208","352","4"
"2033","352","14"
"2214","352","16"
"753","353","3"
"754","354","3"
"755","355","3"
"135","356","1"
"756","356","3"
"757","357","3"
"1209","357","4"
"2215","357","16"
"758","358","3"
"1210","358","4"
"1760","358","8"
"2216","358","16"
"2497","360","17"
"136","361","1"
"482","361","2"
"1211","361","4"
"2098","361","15"
"2498","361","17"
"759","363","3"
"2217","363","16"
"137","364","1"
"1212","364","4"
"1213","366","4"
"2499","366","17"
"138","367","1"
"483","367","2"
"1214","367","4"
"1514","367","6"
"1976","367","13"
"2500","367","17"
"139","368","1"
"1515","368","6"
"2501","368","17"
"1215","369","4"
"1977","369","13"
"2502","369","17"
"140","370","1"
"2503","370","17"
"141","371","1"
"484","371","2"
"1516","371","6"
"760","373","3"
"142","374","1"
"485","374","2"
"761","374","3"
"1517","374","6"
"143","375","1"
"1978","375","13"
"2504","375","17"
"762","376","3"
"144","377","1"
"763","377","3"
"486","378","2"
"1216","378","4"
"1837","378","9"
"764","379","3"
"145","381","1"
"1979","381","13"
"2505","381","17"
"146","382","1"
"1838","382","9"
"2218","385","16"
"765","386","3"
"1889","386","11"
"2219","387","16"
"147","388","1"
"148","389","1"
"2506","389","17"
"1217","390","4"
"2034","390","14"
"2220","390","16"
"766","391","3"
"1761","391","8"
"2221","392","16"
"1218","393","4"
"2222","393","16"
"149","394","1"
"487","394","2"
"1980","394","13"
"2507","394","17"
"150","395","1"
"488","395","2"
"1518","395","6"
"151","396","1"
"2508","396","17"
"152","397","1"
"489","397","2"
"1981","397","13"
"2509","397","17"
"490","399","2"
"767","399","3"
"1519","399","6"
"153","400","1"
"491","400","2"
"1219","400","4"
"1839","400","9"
"2099","400","15"
"768","401","3"
"1220","401","4"
"2223","401","16"
"154","402","1"
"769","402","3"
"2224","402","16"
"2510","402","17"
"155","403","1"
"1982","403","13"
"2511","403","17"
"770","404","3"
"1983","405","13"
"492","406","2"
"1520","406","6"
"156","407","1"
"493","407","2"
"1521","407","6"
"771","409","3"
"772","410","3"
"1221","410","4"
"773","411","3"
"774","412","3"
"157","413","1"
"1222","413","4"
"1984","413","13"
"2512","413","17"
"158","414","1"
"1985","414","13"
"2513","414","17"
"159","415","1"
"1986","415","13"
"2514","415","17"
"160","416","1"
"2515","416","17"
"775","417","3"
"1223","417","4"
"161","418","1"
"776","418","3"
"1987","418","13"
"2516","418","17"
"1224","419","4"
"2225","419","16"
"777","420","3"
"494","421","2"
"778","421","3"
"162","424","1"
"1225","424","4"
"2100","424","15"
"163","425","1"
"1522","425","6"
"779","426","3"
"495","429","2"
"1523","429","6"
"164","430","1"
"780","430","3"
"1226","430","4"
"2101","430","15"
"2226","431","16"
"496","432","2"
"781","432","3"
"1227","433","4"
"2227","433","16"
"782","434","3"
"165","435","1"
"2517","435","17"
"1228","436","4"
"1524","437","6"
"1762","437","8"
"2228","437","16"
"783","438","3"
"2229","438","16"
"1229","441","4"
"784","442","3"
"166","443","1"
"785","443","3"
"1763","443","8"
"2230","443","16"
"1230","446","4"
"1231","447","4"
"2231","447","16"
"167","449","1"
"2518","449","17"
"1988","450","13"
"786","451","3"
"2519","451","17"
"787","452","3"
"168","454","1"
"2520","454","17"
"169","455","1"
"497","455","2"
"1525","455","6"
"1926","455","12"
"1526","456","6"
"2232","456","16"
"1527","458","6"
"788","459","3"
"1764","459","8"
"789","460","3"
"790","461","3"
"170","462","1"
"791","462","3"
"1528","462","6"
"792","463","3"
"793","464","3"
"1232","464","4"
"171","465","1"
"172","466","1"
"794","467","3"
"1233","468","4"
"2102","468","15"
"2233","468","16"
"1234","469","4"
"1529","469","6"
"1765","469","8"
"795","470","3"
"1235","470","4"
"2234","470","16"
"1236","472","4"
"2235","472","16"
"796","473","3"
"2236","473","16"
"173","474","1"
"1530","474","6"
"1766","474","8"
"2237","474","16"
"797","475","3"
"498","476","2"
"798","476","3"
"1531","476","6"
"799","477","3"
"174","478","1"
"800","478","3"
"1532","478","6"
"1767","478","8"
"2238","478","16"
"2521","478","17"
"801","480","3"
"802","481","3"
"2239","481","16"
"1237","482","4"
"2240","482","16"
"1890","483","11"
"2035","483","14"
"1891","484","11"
"2036","484","14"
"1533","485","6"
"803","487","3"
"1840","487","9"
"2241","487","16"
"175","488","1"
"499","488","2"
"176","489","1"
"1238","489","4"
"1534","489","6"
"2103","489","15"
"2242","489","16"
"2658","489","18"
"177","490","1"
"804","490","3"
"2522","490","17"
"178","491","1"
"1768","491","8"
"1989","491","13"
"2243","491","16"
"2523","491","17"
"2104","492","15"
"805","493","3"
"806","495","3"
"2244","495","16"
"179","496","1"
"807","496","3"
"2245","496","16"
"180","497","1"
"500","497","2"
"1535","497","6"
"2246","497","16"
"181","498","1"
"501","498","2"
"1536","498","6"
"2247","498","16"
"182","499","1"
"502","499","2"
"1537","499","6"
"2248","499","16"
"183","500","1"
"503","500","2"
"1538","500","6"
"2249","500","16"
"184","501","1"
"504","501","2"
"1539","501","6"
"2250","501","16"
"808","502","3"
"1769","502","8"
"2251","502","16"
"1239","503","4"
"505","505","2"
"809","505","3"
"1540","505","6"
"1770","505","8"
"2252","505","16"
"810","506","3"
"506","507","2"
"1541","507","6"
"1927","507","12"
"1542","508","6"
"1928","508","12"
"811","509","3"
"1543","509","6"
"1929","509","12"
"1240","510","4"
"2524","510","17"
"185","511","1"
"812","511","3"
"2253","511","16"
"186","512","1"
"1544","512","6"
"187","513","1"
"1241","513","4"
"1545","513","6"
"1841","513","9"
"2254","513","16"
"188","514","1"
"507","514","2"
"2037","515","14"
"1242","516","4"
"1243","517","4"
"2255","517","16"
"2525","517","17"
"2659","517","18"
"813","518","3"
"2256","518","16"
"814","519","3"
"508","521","2"
"815","521","3"
"2105","521","15"
"189","522","1"
"1244","522","4"
"1842","522","9"
"2106","522","15"
"2660","522","18"
"816","523","3"
"190","524","1"
"509","524","2"
"817","524","3"
"1245","524","4"
"510","525","2"
"1546","525","6"
"191","526","1"
"1547","526","6"
"818","527","3"
"1246","527","4"
"1548","527","6"
"2107","527","15"
"2661","527","18"
"1247","528","4"
"2257","528","16"
"819","532","3"
"192","533","1"
"2662","533","18"
"1248","534","4"
"2526","534","17"
"820","535","3"
"2258","535","16"
"2108","536","15"
"2527","536","17"
"2663","536","18"
"821","537","3"
"2259","537","16"
"511","538","2"
"1249","538","4"
"1549","538","6"
"2260","538","16"
"2528","538","17"
"822","540","3"
"1550","540","6"
"2529","540","17"
"1250","541","4"
"2261","541","16"
"193","542","1"
"823","542","3"
"1771","543","8"
"2262","543","16"
"194","544","1"
"1251","544","4"
"824","545","3"
"2263","545","16"
"825","546","3"
"195","547","1"
"2530","547","17"
"826","548","3"
"1772","548","8"
"2264","548","16"
"827","549","3"
"2265","549","16"
"196","550","1"
"2664","550","18"
"197","551","1"
"828","551","3"
"198","552","1"
"1551","552","6"
"199","553","1"
"1552","553","6"
"1843","553","9"
"512","554","2"
"829","554","3"
"1252","554","4"
"200","555","1"
"513","556","2"
"830","556","3"
"1553","556","6"
"201","557","1"
"1253","557","4"
"2266","557","16"
"1254","558","4"
"1892","558","11"
"1990","558","13"
"2531","558","17"
"831","560","3"
"1554","560","6"
"202","561","1"
"514","561","2"
"832","561","3"
"1255","561","4"
"1991","561","13"
"2532","561","17"
"203","562","1"
"833","562","3"
"1256","562","4"
"2267","562","16"
"1893","564","11"
"2038","564","14"
"1257","565","4"
"2109","565","15"
"2665","565","18"
"834","566","3"
"204","567","1"
"515","567","2"
"1258","567","4"
"1555","567","6"
"2110","567","15"
"205","568","1"
"1259","568","4"
"2533","568","17"
"2666","568","18"
"835","569","3"
"1773","569","8"
"2268","569","16"
"206","570","1"
"1260","571","4"
"2269","571","16"
"2534","571","17"
"207","573","1"
"516","573","2"
"1930","573","12"
"1992","573","13"
"2535","573","17"
"836","575","3"
"1774","575","8"
"2270","575","16"
"208","576","1"
"517","576","2"
"1261","577","4"
"2271","577","16"
"837","578","3"
"1262","579","4"
"1775","579","8"
"838","580","3"
"1556","580","6"
"518","581","2"
"839","581","3"
"1557","581","6"
"1931","581","12"
"840","582","3"
"1558","582","6"
"841","583","3"
"1263","583","4"
"2272","583","16"
"519","586","2"
"842","586","3"
"1559","586","6"
"1776","586","8"
"1932","586","12"
"209","587","1"
"1560","587","6"
"2536","587","17"
"1777","588","8"
"2039","588","14"
"2273","588","16"
"1778","589","8"
"2040","589","14"
"2274","589","16"
"210","591","1"
"520","592","2"
"843","592","3"
"211","593","1"
"1561","593","6"
"212","595","1"
"521","595","2"
"844","595","3"
"1562","595","6"
"845","596","3"
"213","597","1"
"1264","597","4"
"2537","597","17"
"1844","601","9"
"2275","601","16"
"214","602","1"
"2276","602","16"
"846","604","3"
"1563","604","6"
"2041","604","14"
"2538","605","17"
"2042","607","14"
"1779","608","8"
"847","609","3"
"1265","609","4"
"522","610","2"
"1564","610","6"
"848","611","3"
"2043","611","14"
"215","612","1"
"523","612","2"
"1266","612","4"
"1565","612","6"
"2539","612","17"
"849","613","3"
"850","614","3"
"1267","614","4"
"2277","614","16"
"1566","615","6"
"2111","615","15"
"216","616","1"
"524","616","2"
"1567","616","6"
"1780","616","8"
"1845","616","9"
"2278","616","16"
"217","617","1"
"1568","617","6"
"525","618","2"
"851","618","3"
"1268","618","4"
"2540","618","17"
"1269","619","4"
"2541","619","17"
"2667","619","18"
"852","620","3"
"2279","620","16"
"853","621","3"
"2280","621","16"
"1270","622","4"
"1894","622","11"
"2044","622","14"
"854","623","3"
"1271","623","4"
"1895","623","11"
"2045","623","14"
"855","624","3"
"2281","625","16"
"856","626","3"
"2282","626","16"
"857","627","3"
"1569","627","6"
"1781","627","8"
"2283","627","16"
"858","628","3"
"1272","628","4"
"2284","628","16"
"859","629","3"
"1273","629","4"
"2285","629","16"
"2286","630","16"
"860","631","3"
"218","632","1"
"1570","632","6"
"2542","632","17"
"219","633","1"
"526","633","2"
"2112","633","15"
"220","634","1"
"527","634","2"
"2113","634","15"
"221","635","1"
"528","635","2"
"2114","635","15"
"222","636","1"
"529","636","2"
"2115","636","15"
"223","637","1"
"530","637","2"
"2116","637","15"
"861","638","3"
"1274","638","4"
"2287","638","16"
"1571","639","6"
"224","640","1"
"531","640","2"
"1572","640","6"
"1573","641","6"
"532","642","2"
"2288","642","16"
"862","643","3"
"863","644","3"
"2289","644","16"
"2543","644","17"
"864","645","3"
"2290","645","16"
"2544","645","17"
"2046","646","14"
"2291","646","16"
"225","647","1"
"533","647","2"
"865","647","3"
"1574","647","6"
"866","648","3"
"1575","648","6"
"2292","648","16"
"226","649","1"
"1275","649","4"
"1576","649","6"
"227","650","1"
"1577","650","6"
"867","652","3"
"868","653","3"
"228","654","1"
"1578","654","6"
"869","655","3"
"870","656","3"
"1579","656","6"
"871","657","3"
"1580","657","6"
"229","658","1"
"1993","658","13"
"2545","658","17"
"230","659","1"
"1581","659","6"
"1933","659","12"
"1276","661","4"
"872","662","3"
"2546","662","17"
"873","664","3"
"534","665","2"
"1582","665","6"
"2293","665","16"
"1277","666","4"
"2294","666","16"
"1896","667","11"
"874","669","3"
"1994","669","13"
"2547","669","17"
"875","670","3"
"1278","670","4"
"2295","670","16"
"1279","671","4"
"1782","671","8"
"2296","671","16"
"1995","673","13"
"2548","673","17"
"231","674","1"
"535","674","2"
"1996","674","13"
"2549","674","17"
"2297","675","16"
"1280","676","4"
"2550","676","17"
"876","677","3"
"1281","678","4"
"1846","678","9"
"1934","678","12"
"232","679","1"
"2047","679","14"
"2298","679","16"
"2551","679","17"
"877","680","3"
"1847","680","9"
"1583","681","6"
"878","683","3"
"536","684","2"
"1584","684","6"
"1897","685","11"
"2048","685","14"
"879","686","3"
"2299","688","16"
"2300","690","16"
"880","692","3"
"881","693","3"
"1585","693","6"
"2301","693","16"
"882","694","3"
"883","695","3"
"1898","695","11"
"2552","695","17"
"884","696","3"
"1282","698","4"
"233","699","1"
"885","699","3"
"1586","699","6"
"234","700","1"
"1997","700","13"
"2553","700","17"
"235","701","1"
"1998","701","13"
"2554","701","17"
"236","702","1"
"1999","702","13"
"2555","702","17"
"237","703","1"
"2000","703","13"
"2556","703","17"
"238","704","1"
"2001","704","13"
"2557","704","17"
"239","705","1"
"2002","705","13"
"2558","705","17"
"240","706","1"
"2003","706","13"
"2559","706","17"
"241","707","1"
"2004","707","13"
"2560","707","17"
"242","708","1"
"2005","708","13"
"2561","708","17"
"243","709","1"
"537","709","2"
"1587","709","6"
"886","710","3"
"2302","710","16"
"244","711","1"
"887","711","3"
"1283","711","4"
"1588","711","6"
"1783","711","8"
"2668","711","18"
"245","712","1"
"2117","712","15"
"2669","712","18"
"538","713","2"
"1589","713","6"
"888","714","3"
"1590","714","6"
"1784","714","8"
"246","715","1"
"1591","715","6"
"889","716","3"
"2303","716","16"
"890","717","3"
"891","718","3"
"892","719","3"
"893","720","3"
"1284","720","4"
"894","721","3"
"895","722","3"
"2118","723","15"
"539","724","2"
"896","724","3"
"1592","724","6"
"247","725","1"
"1593","725","6"
"248","726","1"
"540","726","2"
"1594","726","6"
"1848","726","9"
"541","727","2"
"1595","727","6"
"1899","728","11"
"2049","728","14"
"897","730","3"
"1785","730","8"
"2304","730","16"
"249","731","1"
"1596","731","6"
"898","732","3"
"2305","732","16"
"899","733","3"
"1285","733","4"
"2306","733","16"
"900","734","3"
"1786","734","8"
"2307","734","16"
"901","735","3"
"1286","735","4"
"902","736","3"
"2308","736","16"
"903","737","3"
"1287","737","4"
"2309","737","16"
"1597","738","6"
"1288","739","4"
"2310","739","16"
"1598","740","6"
"904","741","3"
"2311","741","16"
"1787","742","8"
"2312","742","16"
"1289","743","4"
"1599","743","6"
"2313","743","16"
"905","744","3"
"542","745","2"
"1600","745","6"
"906","746","3"
"907","747","3"
"908","757","3"
"2314","757","16"
"1290","758","4"
"1601","758","6"
"1291","759","4"
"1602","759","6"
"543","760","2"
"1292","760","4"
"1293","761","4"
"1603","761","6"
"2315","762","16"
"909","763","3"
"1294","763","4"
"1935","763","12"
"2562","763","17"
"250","764","1"
"910","764","3"
"1295","764","4"
"1604","764","6"
"1788","764","8"
"2670","764","18"
"911","765","3"
"1605","765","6"
"2316","765","16"
"1296","766","4"
"2317","766","16"
"912","767","3"
"544","768","2"
"913","768","3"
"1606","768","6"
"1936","768","12"
"2318","768","16"
"545","769","2"
"1297","769","4"
"1607","769","6"
"2119","769","15"
"251","770","1"
"546","770","2"
"914","770","3"
"1849","770","9"
"252","771","1"
"915","771","3"
"253","772","1"
"916","772","3"
"2563","772","17"
"917","773","3"
"2319","773","16"
"254","774","1"
"918","774","3"
"1298","774","4"
"1608","774","6"
"1789","774","8"
"2120","774","15"
"547","775","2"
"919","775","3"
"1609","775","6"
"1937","775","12"
"2564","775","17"
"255","776","1"
"548","776","2"
"256","777","1"
"2671","777","18"
"549","778","2"
"920","778","3"
"1850","778","9"
"2320","778","16"
"257","780","1"
"2006","780","13"
"2565","780","17"
"258","781","1"
"2566","781","17"
"921","782","3"
"2321","782","16"
"922","783","3"
"2322","783","16"
"923","784","3"
"259","785","1"
"550","785","2"
"1851","785","9"
"2567","785","17"
"924","786","3"
"925","787","3"
"1610","787","6"
"1900","787","11"
"926","788","3"
"2568","788","17"
"927","789","3"
"928","790","3"
"2323","790","16"
"551","791","2"
"2569","792","17"
"2672","792","18"
"929","793","3"
"930","794","3"
"2324","794","16"
"931","795","3"
"260","796","1"
"552","796","2"
"1611","796","6"
"1299","797","4"
"2325","797","16"
"261","798","1"
"932","798","3"
"933","799","3"
"1300","800","4"
"2326","800","16"
"262","801","1"
"1612","801","6"
"1852","801","9"
"934","804","3"
"1301","805","4"
"2327","805","16"
"263","807","1"
"1613","807","6"
"1302","808","4"
"2328","808","16"
"935","809","3"
"1614","809","6"
"2329","809","16"
"936","810","3"
"1790","810","8"
"2330","810","16"
"2331","811","16"
"264","813","1"
"553","813","2"
"1303","813","4"
"1615","813","6"
"265","815","1"
"1616","815","6"
"2570","815","17"
"937","817","3"
"266","818","1"
"1853","818","9"
"2332","818","16"
"938","819","3"
"1304","819","4"
"1617","819","6"
"1305","820","4"
"2333","820","16"
"267","821","1"
"554","821","2"
"939","821","3"
"1618","821","6"
"1791","821","8"
"1938","821","12"
"2334","821","16"
"268","823","1"
"555","823","2"
"1619","823","6"
"1939","823","12"
"269","824","1"
"940","824","3"
"1306","824","4"
"1620","824","6"
"1792","824","8"
"2673","824","18"
"941","825","3"
"1621","825","6"
"2335","825","16"
"942","826","3"
"270","827","1"
"556","827","2"
"1622","827","6"
"2121","827","15"
"2674","827","18"
"943","828","3"
"2571","828","17"
"271","829","1"
"557","829","2"
"1854","829","9"
"944","831","3"
"945","832","3"
"272","833","1"
"1307","833","4"
"2122","833","15"
"2675","833","18"
"273","834","1"
"2123","834","15"
"2676","834","18"
"274","835","1"
"2124","835","15"
"2677","835","18"
"275","837","1"
"558","837","2"
"1623","837","6"
"2572","837","17"
"1308","838","4"
"1624","838","6"
"2336","838","16"
"2678","838","18"
"946","839","3"
"1625","841","6"
"1793","843","8"
"2337","843","16"
"276","844","1"
"559","844","2"
"947","844","3"
"1794","844","8"
"2573","844","17"
"948","845","3"
"949","846","3"
"277","847","1"
"560","847","2"
"2007","847","13"
"2574","847","17"
"950","849","3"
"1626","849","6"
"2338","849","16"
"278","850","1"
"951","850","3"
"1309","850","4"
"2008","850","13"
"2575","850","17"
"1310","851","4"
"2339","851","16"
"2576","851","17"
"952","852","3"
"1311","852","4"
"2340","852","16"
"2577","852","17"
"953","853","3"
"954","854","3"
"1312","854","4"
"1795","854","8"
"2341","854","16"
"955","855","3"
"1313","855","4"
"1627","855","6"
"956","856","3"
"279","857","1"
"957","857","3"
"958","859","3"
"280","861","1"
"561","861","2"
"1314","861","4"
"2342","861","16"
"281","862","1"
"1315","862","4"
"959","863","3"
"2578","863","17"
"282","864","1"
"960","864","3"
"1628","864","6"
"1940","864","12"
"562","865","2"
"2009","865","13"
"2125","865","15"
"2579","865","17"
"1316","866","4"
"1629","866","6"
"2679","866","18"
"283","867","1"
"961","867","3"
"2580","867","17"
"284","868","1"
"285","869","1"
"962","869","3"
"1317","869","4"
"2581","869","17"
"286","870","1"
"563","870","2"
"1630","870","6"
"287","871","1"
"1796","871","8"
"963","872","3"
"964","873","3"
"288","874","1"
"965","874","3"
"966","875","3"
"2343","875","16"
"967","876","3"
"289","877","1"
"564","877","2"
"968","877","3"
"1318","877","4"
"1631","877","6"
"1941","877","12"
"2344","877","16"
"290","878","1"
"565","878","2"
"969","878","3"
"1632","878","6"
"1942","878","12"
"2345","878","16"
"291","880","1"
"1319","880","4"
"1633","880","6"
"2346","880","16"
"970","881","3"
"1320","882","4"
"2347","882","16"
"1321","883","4"
"2348","883","16"
"292","884","1"
"1322","884","4"
"2582","884","17"
"1323","885","4"
"1634","885","6"
"1943","885","12"
"293","886","1"
"1324","886","4"
"1635","886","6"
"2349","886","16"
"294","887","1"
"1881","887","10"
"1325","888","4"
"2126","888","15"
"971","889","3"
"1636","889","6"
"2350","889","16"
"566","890","2"
"1326","890","4"
"1637","890","6"
"1327","892","4"
"2351","892","16"
"1328","894","4"
"1638","894","6"
"2583","894","17"
"972","895","3"
"1639","895","6"
"2010","895","13"
"2584","895","17"
"295","896","1"
"567","896","2"
"1640","896","6"
"2127","896","15"
"2680","896","18"
"973","897","3"
"1797","898","8"
"2352","898","16"
"296","899","1"
"974","899","3"
"1329","900","4"
"1641","900","6"
"1330","901","4"
"1642","901","6"
"1331","902","4"
"297","903","1"
"568","903","2"
"1855","903","9"
"2353","903","16"
"298","905","1"
"569","905","2"
"1332","905","4"
"1643","905","6"
"2585","905","17"
"299","906","1"
"975","906","3"
"976","907","3"
"1333","907","4"
"1798","907","8"
"2354","907","16"
"300","908","1"
"570","908","2"
"1644","908","6"
"1856","908","9"
"301","909","1"
"2355","909","16"
"302","912","1"
"571","912","2"
"1645","912","6"
"303","913","1"
"572","913","2"
"1334","913","4"
"1646","913","6"
"977","917","3"
"2356","917","16"
"304","918","1"
"978","918","3"
"2586","918","17"
"305","919","1"
"979","919","3"
"1335","919","4"
"1857","919","9"
"1901","919","11"
"2050","919","14"
"2587","919","17"
"306","920","1"
"980","920","3"
"1858","920","9"
"2588","920","17"
"307","921","1"
"573","921","2"
"1336","921","4"
"1647","921","6"
"1859","921","9"
"308","922","1"
"1648","922","6"
"1860","922","9"
"981","923","3"
"1337","924","4"
"2128","924","15"
"2681","924","18"
"1338","925","4"
"2357","925","16"
"982","926","3"
"1339","926","4"
"1340","927","4"
"1799","927","8"
"2358","927","16"
"983","928","3"
"1341","928","4"
"2129","928","15"
"2682","928","18"
"309","929","1"
"2589","929","17"
"310","930","1"
"1342","930","4"
"1861","930","9"
"2011","930","13"
"2590","930","17"
"984","931","3"
"2359","931","16"
"311","932","1"
"985","932","3"
"312","933","1"
"574","933","2"
"2012","933","13"
"1343","934","4"
"1649","934","6"
"2360","934","16"
"2361","935","16"
"986","936","3"
"1800","936","8"
"987","937","3"
"1902","937","11"
"2051","937","14"
"988","938","3"
"1650","938","6"
"1862","938","9"
"313","939","1"
"1651","939","6"
"1801","939","8"
"1863","939","9"
"1944","939","12"
"2362","939","16"
"2683","939","18"
"989","940","3"
"1652","940","6"
"1864","940","9"
"990","941","3"
"314","942","1"
"991","942","3"
"1653","942","6"
"992","943","3"
"2363","943","16"
"993","944","3"
"315","945","1"
"1344","945","4"
"1654","945","6"
"2364","945","16"
"1345","946","4"
"1655","946","6"
"575","947","2"
"1346","947","4"
"2052","947","14"
"2591","947","17"
"316","948","1"
"576","948","2"
"2130","948","15"
"994","949","3"
"317","950","1"
"318","951","1"
"319","952","1"
"2592","952","17"
"320","953","1"
"577","953","2"
"1656","953","6"
"321","954","1"
"578","959","2"
"995","959","3"
"1903","960","11"
"1347","961","4"
"1865","961","9"
"2365","961","16"
"996","963","3"
"2366","963","16"
"322","964","1"
"997","965","3"
"998","966","3"
"999","967","3"
"1348","967","4"
"2367","967","16"
"1000","968","3"
"1001","969","3"
"323","970","1"
"1349","970","4"
"1002","971","3"
"579","973","2"
"1350","973","4"
"1657","973","6"
"324","974","1"
"580","974","2"
"1658","974","6"
"2131","974","15"
"325","975","1"
"581","975","2"
"1659","975","6"
"1866","975","9"
"326","976","1"
"582","976","2"
"1660","976","6"
"2593","976","17"
"2594","977","17"
"583","978","2"
"1351","978","4"
"2053","978","14"
"1352","979","4"
"2054","979","14"
"2368","979","16"
"1003","981","3"
"2013","981","13"
"2595","981","17"
"1353","982","4"
"2596","982","17"
"327","983","1"
"1004","983","3"
"1661","983","6"
"2369","983","16"
"2597","983","17"
"328","984","1"
"584","984","2"
"1005","984","3"
"2598","984","17"
"329","985","1"
"585","985","2"
"1354","985","4"
"2014","985","13"
"2599","985","17"
"330","986","1"
"1006","986","3"
"331","987","1"
"586","987","2"
"1355","987","4"
"1007","988","3"
"332","989","1"
"1008","989","3"
"1662","989","6"
"333","990","1"
"1356","990","4"
"2015","990","13"
"2600","990","17"
"334","992","1"
"1357","993","4"
"1663","993","6"
"1867","993","9"
"2370","993","16"
"1009","994","3"
"1904","994","11"
"2055","994","14"
"335","995","1"
"1358","996","4"
"2132","996","15"
"2601","996","17"
"2684","996","18"
"336","997","1"
"1010","997","3"
"1359","997","4"
"1011","998","3"
"2602","998","17"
"1360","1000","4"
"2133","1000","15"
"2685","1000","18"
"337","1001","1"
"338","1002","1"
"339","1003","1"
"1664","1003","6"
"1802","1003","8"
"1012","1004","3"
"587","1005","2"
"1361","1005","4"
"1665","1005","6"
"2134","1005","15"
"1013","1006","3"
"340","1007","1"
"588","1007","2"
"2016","1007","13"
"2603","1007","17"
"1362","1008","4"
"2056","1008","14"
"1363","1009","4"
"1666","1009","6"
"2057","1009","14"
"2371","1009","16"
"1364","1010","4"
"2372","1010","16"
"1014","1011","3"
"1365","1011","4"
"1015","1012","3"
"1667","1013","6"
"341","1014","1"
"589","1014","2"
"1366","1014","4"
"1945","1014","12"
"2604","1014","17"
"342","1015","1"
"590","1015","2"
"1905","1015","11"
"2058","1015","14"
"2605","1015","17"
"1367","1016","4"
"343","1017","1"
"1668","1017","6"
"2606","1017","17"
"591","1018","2"
"1868","1018","9"
"1016","1019","3"
"1017","1020","3"
"1368","1020","4"
"1018","1021","3"
"2135","1022","15"
"1369","1023","4"
"2059","1023","14"
"1019","1024","3"
"1370","1025","4"
"344","1027","1"
"345","1028","1"
"2607","1028","17"
"2686","1028","18"
"1020","1029","3"
"346","1030","1"
"592","1030","2"
"1669","1030","6"
"1946","1030","12"
"347","1032","1"
"593","1032","2"
"1371","1032","4"
"1670","1032","6"
"348","1033","1"
"1671","1033","6"
"1869","1033","9"
"594","1034","2"
"1372","1034","4"
"1672","1034","6"
"2373","1034","16"
"349","1035","1"
"595","1035","2"
"1673","1035","6"
"1803","1035","8"
"2608","1035","17"
"1373","1036","4"
"1021","1037","3"
"1804","1037","8"
"350","1040","1"
"596","1040","2"
"1674","1040","6"
"351","1041","1"
"1022","1042","3"
"1374","1042","4"
"1675","1042","6"
"1023","1043","3"
"1375","1043","4"
"1676","1043","6"
"1024","1044","3"
"1677","1044","6"
"1805","1044","8"
"597","1045","2"
"2136","1045","15"
"2687","1045","18"
"1376","1046","4"
"2374","1046","16"
"2688","1046","18"
"598","1047","2"
"1377","1047","4"
"1678","1047","6"
"2609","1047","17"
"352","1048","1"
"1378","1048","4"
"2689","1048","18"
"1025","1049","3"
"1433","1050","5"
"1026","1051","3"
"1027","1052","3"
"2060","1053","14"
"353","1054","1"
"1679","1054","6"
"2610","1054","17"
"599","1055","2"
"1028","1055","3"
"2611","1055","17"
"600","1056","2"
"1029","1056","3"
"2612","1056","17"
"1030","1057","3"
"2375","1057","16"
"2376","1058","16"
"2137","1059","15"
"2690","1059","18"
"354","1060","1"
"601","1060","2"
"2061","1060","14"
"2613","1060","17"
"1031","1061","3"
"2138","1061","15"
"2691","1061","18"
"355","1062","1"
"602","1062","2"
"603","1063","2"
"1680","1063","6"
"1806","1063","8"
"1947","1063","12"
"2017","1064","13"
"2377","1064","16"
"1379","1065","4"
"2378","1065","16"
"1032","1066","3"
"1380","1066","4"
"1033","1067","3"
"1381","1068","4"
"2139","1068","15"
"2614","1068","17"
"2692","1068","18"
"1034","1070","3"
"1382","1070","4"
"2379","1070","16"
"356","1071","1"
"604","1071","2"
"1383","1071","4"
"2380","1071","16"
"1384","1072","4"
"2381","1072","16"
"2615","1072","17"
"357","1073","1"
"1385","1073","4"
"1681","1073","6"
"2018","1073","13"
"2616","1073","17"
"358","1075","1"
"1386","1075","4"
"359","1076","1"
"605","1076","2"
"1387","1076","4"
"2382","1076","16"
"360","1077","1"
"1388","1077","4"
"1682","1077","6"
"2140","1077","15"
"2617","1077","17"
"2693","1077","18"
"1035","1078","3"
"1807","1078","8"
"2383","1078","16"
"361","1079","1"
"606","1079","2"
"2618","1079","17"
"362","1080","1"
"607","1080","2"
"1389","1080","4"
"1683","1080","6"
"1948","1080","12"
"1036","1081","3"
"1870","1081","9"
"363","1083","1"
"2384","1083","16"
"364","1084","1"
"1684","1084","6"
"1949","1084","12"
"2619","1084","17"
"608","1085","2"
"1390","1085","4"
"1685","1085","6"
"365","1087","1"
"609","1087","2"
"1391","1087","4"
"1686","1087","6"
"366","1088","1"
"1392","1088","4"
"1687","1088","6"
"2620","1088","17"
"610","1089","2"
"1037","1089","3"
"1688","1089","6"
"611","1090","2"
"1038","1090","3"
"1689","1090","6"
"612","1091","2"
"1690","1091","6"
"1871","1091","9"
"1950","1091","12"
"1434","1092","5"
"367","1093","1"
"613","1093","2"
"2621","1093","17"
"614","1094","2"
"1039","1094","3"
"1691","1094","6"
"1040","1095","3"
"1808","1095","8"
"2385","1095","16"
"615","1096","2"
"1692","1096","6"
"2386","1096","16"
"2141","1097","15"
"2694","1097","18"
"1906","1098","11"
"2062","1098","14"
"1041","1099","3"
"1907","1099","11"
"2063","1099","14"
"1908","1100","11"
"2064","1100","14"
"1909","1101","11"
"2065","1101","14"
"1042","1102","3"
"1872","1102","9"
"1951","1102","12"
"1043","1103","3"
"616","1104","2"
"1693","1104","6"
"2387","1104","16"
"1393","1105","4"
"1694","1105","6"
"2388","1105","16"
"368","1106","1"
"1394","1106","4"
"1695","1106","6"
"1873","1106","9"
"369","1107","1"
"1395","1107","4"
"370","1108","1"
"1044","1108","3"
"2622","1108","17"
"371","1111","1"
"1045","1111","3"
"1696","1111","6"
"372","1112","1"
"1046","1112","3"
"373","1113","1"
"1396","1113","4"
"1697","1113","6"
"2695","1113","18"
"374","1116","1"
"1047","1116","3"
"1048","1118","3"
"2389","1118","16"
"1049","1119","3"
"2066","1119","14"
"1050","1120","3"
"1874","1120","9"
"1051","1121","3"
"1397","1121","4"
"2390","1121","16"
"617","1122","2"
"1698","1122","6"
"375","1123","1"
"618","1123","2"
"2019","1123","13"
"376","1124","1"
"1052","1124","3"
"1398","1124","4"
"1699","1124","6"
"1875","1124","9"
"1399","1125","4"
"2623","1125","17"
"619","1126","2"
"1053","1126","3"
"377","1127","1"
"378","1128","1"
"1054","1128","3"
"379","1130","1"
"1055","1130","3"
"1700","1130","6"
"1809","1130","8"
"2391","1130","16"
"1400","1132","4"
"2392","1132","16"
"380","1133","1"
"1401","1133","4"
"1056","1134","3"
"1810","1134","8"
"2393","1134","16"
"1402","1135","4"
"2394","1135","16"
"381","1136","1"
"1057","1136","3"
"1403","1136","4"
"1701","1136","6"
"1811","1136","8"
"1910","1137","11"
"2067","1137","14"
"1058","1138","3"
"1404","1138","4"
"2395","1138","16"
"1059","1139","3"
"1405","1140","4"
"382","1142","1"
"1406","1142","4"
"383","1143","1"
"620","1143","2"
"1702","1143","6"
"2396","1143","16"
"384","1144","1"
"1060","1146","3"
"2397","1146","16"
"385","1148","1"
"1703","1148","6"
"2020","1148","13"
"2624","1148","17"
"386","1153","1"
"1704","1153","6"
"1876","1153","9"
"1407","1154","4"
"1911","1154","11"
"1061","1155","3"
"1408","1155","4"
"1705","1155","6"
"2142","1156","15"
"2625","1156","17"
"1062","1158","3"
"1409","1158","4"
"1706","1158","6"
"387","1159","1"
"1707","1159","6"
"1812","1159","8"
"388","1160","1"
"2696","1160","18"
"1063","1161","3"
"389","1162","1"
"621","1162","2"
"1064","1162","3"
"2626","1162","17"
"1065","1163","3"
"1066","1164","3"
"1410","1164","4"
"1067","1165","3"
"390","1166","1"
"622","1166","2"
"1708","1166","6"
"1411","1167","4"
"1813","1167","8"
"2068","1167","14"
"2398","1167","16"
"1412","1168","4"
"1877","1168","9"
"2399","1168","16"
"623","1169","2"
"1709","1169","6"
"2627","1169","17"
"1068","1170","3"
"624","1171","2"
"1413","1171","4"
"2400","1171","16"
"2628","1171","17"
"1069","1173","3"
"391","1174","1"
"2021","1174","13"
"2629","1174","17"
"1414","1175","4"
"2069","1175","14"
"1415","1176","4"
"2022","1176","13"
"2401","1176","16"
"2630","1176","17"
"392","1177","1"
"1070","1177","3"
"1710","1177","6"
"393","1178","1"
"625","1178","2"
"1071","1179","3"
"1072","1180","3"
"1073","1181","3"
"1074","1182","3"
"1736","1183","7"
"1416","1184","4"
"1912","1184","11"
"2070","1184","14"
"394","1185","1"
"1417","1185","4"
"1814","1185","8"
"2402","1185","16"
"1075","1186","3"
"1076","1187","3"
"1077","1188","3"
"1815","1188","8"
"2403","1188","16"
"1418","1189","4"
"1711","1189","6"
"1878","1189","9"
"2404","1189","16"
"1816","1190","8"
"2405","1190","16"
"395","1191","1"
"626","1191","2"
"1078","1191","3"
"1712","1191","6"
"1079","1192","3"
"396","1195","1"
"1080","1195","3"
"1817","1195","8"
"2406","1195","16"
"1419","1196","4"
"1818","1196","8"
"2071","1196","14"
"2407","1196","16"
"1420","1197","4"
"1819","1197","8"
"1913","1197","11"
"2072","1197","14"
"2408","1197","16"
"1081","1199","3"
"1820","1199","8"
"2409","1199","16"
"627","1201","2"
"1713","1201","6"
"1952","1201","12"
"2410","1201","16"
"397","1202","1"
"1421","1202","4"
"1714","1202","6"
"2631","1202","17"
"398","1203","1"
"1715","1203","6"
"399","1204","1"
"1716","1204","6"
"2697","1204","18"
"1082","1205","3"
"2411","1205","16"
"400","1206","1"
"1914","1206","11"
"2632","1206","17"
"1083","1207","3"
"1084","1208","3"
"1085","1209","3"
"1086","1210","3"
"401","1211","1"
"1717","1211","6"
"1821","1211","8"
"2412","1211","16"
"402","1212","1"
"628","1212","2"
"1087","1212","3"
"1718","1212","6"
"2633","1212","17"
"1088","1213","3"
"403","1214","1"
"1719","1214","6"
"2634","1214","17"
"1422","1215","4"
"1720","1215","6"
"2413","1215","16"
"2635","1215","17"
"1089","1216","3"
"1423","1216","4"
"2414","1216","16"
"404","1217","1"
"629","1217","2"
"1721","1217","6"
"1879","1217","9"
"405","1218","1"
"1090","1218","3"
"1091","1219","3"
"1424","1219","4"
"1722","1219","6"
"1822","1219","8"
"2415","1219","16"
"2143","1220","15"
"2698","1220","18"
"1092","1221","3"
"630","1223","2"
"1723","1223","6"
"2416","1223","16"
"631","1224","2"
"1724","1224","6"
"1093","1225","3"
"1094","1228","3"
"2699","1228","18"
"1095","1230","3"
"1725","1230","6"
"1425","1231","4"
"1880","1231","9"
"2700","1231","18"
"1426","1232","4"
"2073","1232","14"
"2417","1232","16"
"406","1233","1"
"1427","1233","4"
"407","1234","1"
"1428","1234","4"
"408","1235","1"
"632","1235","2"
"1726","1235","6"
"409","1236","1"
"1727","1236","6"
"2636","1236","17"
"633","1237","2"
"1728","1237","6"
"410","1238","1"
"634","1238","2"
"1729","1238","6"
"411","1239","1"
"2637","1239","17"
"412","1240","1"
"1730","1240","6"
"2638","1240","17"
"635","1241","2"
"1823","1241","8"
"2639","1241","17"
"2701","1241","18"
"413","1242","1"
"636","1242","2"
"1429","1242","4"
"1731","1242","6"
"1430","1243","4"
"1096","1244","3"
"1431","1244","4"
"1732","1244","6"
"2418","1244","16"
"1097","1245","3"
"1098","1246","3"
"1099","1247","3"
"1824","1247","8"
"1100","1248","3"
"414","1249","1"
"637","1249","2"
"1733","1249","6"
"415","1251","1"
"638","1251","2"
"1101","1251","3"
"1734","1251","6"
"416","1252","1"
"639","1252","2"
"1102","1252","3"
"1735","1252","6"
"1103","1254","3"
"1432","1254","4"
"1915","1254","11"
"2074","1254","14"
"417","1255","1"
"2419","1255","16"
"2702","1255","18"
